AnimalRecord,AnimalID,PenID,OwnerRecord,Sex,Metric,Implants,Holstein,Beef,HideCode,Purchase,SalePrice,VetMed,Other,FreightSale,iDate,Age,HipHeight,AgeHipHeight,BCS,iBW,IsiBWShrunk,iEBFo,YG,HCW,FT,MrbClass,MrbPctl,Mrb,LMA,EBF,CF,AFBW,IsAFBWShrunk,cAFSBW,Exclude,Flag1,Flag2,Flag3
1,1,1,2,S,FALSE,TRUE,FALSE,TRUE,2,563.418,128,,,,11/9/2000,8.098360656,46.5,7.894736842,5,650.88,TRUE,,,724,0.4,,,,12.8,,,,FALSE,1226.258762,FALSE,FALSE,FALSE,FALSE
2,2,1,2,S,FALSE,TRUE,FALSE,TRUE,2,536.482,131,,,,11/9/2000,7.868852459,46.5,7.664473684,5,600.96,TRUE,,,745,0.45,,,,14.1,,,,FALSE,1235.590984,FALSE,FALSE,FALSE,FALSE
3,3,1,2,S,FALSE,TRUE,FALSE,TRUE,2,546.112,128,,,,11/9/2000,7.704918033,46.5,7.5,5,618.24,TRUE,,,836,0.6,,,,13,,,,FALSE,1242.342723,FALSE,FALSE,FALSE,FALSE
4,4,1,2,S,FALSE,TRUE,FALSE,TRUE,2,504.45,128,,,,11/9/2000,8.393442623,46,8.190789474,5,547.2,TRUE,,,754,0.5,,,,12.8,,,,FALSE,1196.233143,FALSE,FALSE,FALSE,FALSE
5,5,1,2,S,FALSE,TRUE,FALSE,TRUE,2,567.322,128,,,,11/9/2000,7.93442623,46.5,7.730263158,5,658.56,TRUE,,,815,0.45,,,,14.1,,,,FALSE,1232.910323,FALSE,FALSE,FALSE,FALSE
6,6,1,2,S,FALSE,TRUE,FALSE,TRUE,2,532.098,130,,,,11/9/2000,7.967213115,46,7.763157895,5,593.28,TRUE,,,806,0.45,,,,13.1,,,,FALSE,1213.357116,FALSE,FALSE,FALSE,FALSE
7,7,1,2,S,FALSE,TRUE,FALSE,TRUE,2,573.058,128,,,,11/9/2000,8.229508197,47.75,8.026315789,5,670.08,TRUE,,,780,0.75,,,,12.2,,,,FALSE,1266.55651,FALSE,FALSE,FALSE,FALSE
8,8,1,2,S,FALSE,TRUE,FALSE,TRUE,2,535.392,128,,,,11/9/2000,8.098360656,47.5,7.894736842,5,599.04,TRUE,,,750,0.35,,,,11.5,,,,FALSE,1262.702924,FALSE,FALSE,FALSE,FALSE
9,9,1,2,S,FALSE,TRUE,FALSE,TRUE,2,541.872,130,3.3,,,11/9/2000,8.327868852,46.75,8.125,5,610.56,TRUE,,,772,0.35,,,,13.5,,,,FALSE,1226.182126,FALSE,FALSE,FALSE,FALSE
10,10,1,2,S,FALSE,TRUE,FALSE,TRUE,2,561.442,131,,,,11/9/2000,7.508196721,45.25,7.302631579,5,647.04,TRUE,,,734,0.65,,,,12.2,,,,FALSE,1205.039299,FALSE,FALSE,FALSE,FALSE
11,11,1,2,S,FALSE,TRUE,FALSE,TRUE,2,539.728,132,,,,11/9/2000,8.229508197,46.5,8.026315789,5,606.72,TRUE,,,753,0.65,,,,11.2,,,,FALSE,1220.989033,FALSE,FALSE,FALSE,FALSE
12,12,1,2,S,FALSE,TRUE,FALSE,TRUE,2,550.288,132,,,,11/9/2000,8.393442623,45.75,8.190789474,5,625.92,TRUE,,,731,0.5,,,,12.6,,,,FALSE,1187.116578,FALSE,FALSE,FALSE,FALSE
13,13,1,8,S,FALSE,TRUE,FALSE,TRUE,2,439.45,121,,,,11/9/2000,8.557377049,42.5,8.355263158,5,451.2,TRUE,,,596,0.6,,,,9.6,,,,FALSE,1062.100937,FALSE,FALSE,FALSE,FALSE
14,14,1,8,S,FALSE,TRUE,FALSE,TRUE,2,425.25,128,,,,11/9/2000,8,43,7.796052632,5,432,TRUE,,,614,0.35,,,,10.8,,,,FALSE,1102.712324,FALSE,FALSE,FALSE,FALSE
15,15,1,8,S,FALSE,TRUE,FALSE,TRUE,2,532.098,132,,,,11/9/2000,8.163934426,45,7.960526316,5,593.28,TRUE,,,699,0.5,,,,12.4,,,,FALSE,1168.944565,FALSE,FALSE,FALSE,FALSE
16,16,1,5,S,FALSE,TRUE,FALSE,TRUE,2,491.008,129,,,,11/9/2000,7.31147541,42.25,7.105263158,5,526.08,TRUE,,,623,0.4,,,,10.4,,,,FALSE,1104.201568,FALSE,FALSE,FALSE,FALSE
17,17,1,5,S,FALSE,TRUE,FALSE,TRUE,2,613.762,121,,,,11/9/2000,10.49180328,48,10.29605263,5,762.24,TRUE,,,863,0.75,,,,12.6,,,,FALSE,1192.229777,FALSE,FALSE,FALSE,FALSE
18,18,1,5,S,FALSE,TRUE,FALSE,TRUE,2,601.218,130,,,,11/9/2000,10.8852459,47.5,10.69078947,5,731.52,TRUE,,,815,0.55,,,,13.7,,,,FALSE,1160.783054,FALSE,FALSE,FALSE,FALSE
19,19,1,5,S,FALSE,TRUE,FALSE,TRUE,2,610.722,130,,,,11/9/2000,9.573770492,47.75,9.375,5,754.56,TRUE,,,832,0.85,,,,12.4,,,,FALSE,1215.308005,FALSE,FALSE,FALSE,FALSE
20,20,1,5,S,FALSE,TRUE,FALSE,TRUE,2,550.288,131,,,,11/9/2000,7.147540984,47.75,6.940789474,5,625.92,TRUE,,,767,0.65,,,,13.4,,,,FALSE,1311.30008,FALSE,FALSE,FALSE,FALSE
21,21,1,5,S,FALSE,TRUE,FALSE,TRUE,2,480.928,131,,,,11/9/2000,6.786885246,44,6.578947368,5,510.72,TRUE,,,716,0.6,,,,12.8,,,,FALSE,1190.609907,FALSE,FALSE,FALSE,FALSE
22,22,1,5,S,FALSE,TRUE,FALSE,TRUE,2,554.4,127,,,,11/9/2000,7.147540984,47.25,6.940789474,5,633.6,TRUE,,,868,0.7,,,,13.2,,,,FALSE,1293.113597,FALSE,FALSE,FALSE,FALSE
23,23,1,5,S,FALSE,TRUE,FALSE,TRUE,2,593.712,130,,,,11/9/2000,10.26229508,48.5,10.06578947,5,714.24,TRUE,,,799,0.65,,,,12.3,,,,FALSE,1218.376722,FALSE,FALSE,FALSE,FALSE
24,24,1,4,S,FALSE,TRUE,FALSE,TRUE,2,457.312,131,,,,11/9/2000,7.344262295,43.75,7.138157895,5,476.16,TRUE,,,661,0.45,,,,12.8,,,,FALSE,1157.38226,FALSE,FALSE,FALSE,FALSE
25,25,1,4,S,FALSE,TRUE,FALSE,TRUE,2,412.128,128,11.43,,,11/9/2000,7.180327869,43,6.973684211,5,414.72,TRUE,,,657,0.5,,,,11.4,,,,FALSE,1137.115167,FALSE,FALSE,FALSE,FALSE
26,26,1,4,S,FALSE,TRUE,FALSE,TRUE,2,429.552,128,,,,11/9/2000,6.786885246,41.75,6.578947368,5,437.76,TRUE,,,724,0.45,,,,11.3,,,,FALSE,1108.831494,FALSE,FALSE,FALSE,FALSE
27,27,1,4,S,FALSE,TRUE,FALSE,TRUE,2,430.978,92,12.06,,,11/9/2000,7.442622951,42,7.236842105,5,439.68,TRUE,,,609,0.5,,,,11.5,,,,FALSE,1089.516565,FALSE,FALSE,FALSE,FALSE
28,28,1,11,S,FALSE,TRUE,FALSE,TRUE,2,466.65,129,,,,11/9/2000,8.098360656,43.75,7.894736842,5,489.6,TRUE,,,660,0.25,,,,12,,,,FALSE,1126.037317,FALSE,FALSE,FALSE,FALSE
29,29,1,11,S,FALSE,TRUE,FALSE,TRUE,2,373.978,128,,,,11/9/2000,4.852459016,42.5,4.638157895,5,366.72,TRUE,,,619,0.4,,,,11.8,,,,FALSE,1226.47314,FALSE,FALSE,FALSE,FALSE
30,30,1,11,S,FALSE,TRUE,FALSE,TRUE,2,370.818,129,,,,11/9/2000,6.557377049,40.5,6.348684211,5,362.88,TRUE,,,622,0.65,,,,11,,,,FALSE,1073.635797,FALSE,FALSE,FALSE,FALSE
31,31,1,11,S,FALSE,TRUE,FALSE,TRUE,2,491.008,128,,,,11/9/2000,6.655737705,43,6.447368421,5,526.08,TRUE,,,662,0.8,,,,10.9,,,,FALSE,1160.071796,FALSE,FALSE,FALSE,FALSE
32,32,1,11,S,FALSE,TRUE,FALSE,TRUE,2,524.272,132,,,,11/9/2000,7.704918033,45.25,7.5,5,579.84,TRUE,,,695,0.7,,,,10.9,,,,FALSE,1196.824346,FALSE,FALSE,FALSE,FALSE
33,33,1,11,S,FALSE,TRUE,FALSE,TRUE,2,430.978,121,10.16,,,11/9/2000,6.852459016,41.5,6.644736842,5,439.68,TRUE,,,560,0.8,,,,11.1,,,,FALSE,1096.850887,FALSE,FALSE,FALSE,FALSE
34,34,1,6,S,FALSE,TRUE,FALSE,TRUE,2,484.738,129,9.76,,,11/9/2000,8.032786885,41.5,7.828947368,5,516.48,TRUE,,,674,0.55,,,,10.7,,,,FALSE,1046.714541,FALSE,FALSE,FALSE,FALSE
35,35,1,6,S,FALSE,TRUE,FALSE,TRUE,2,486,131,,,,11/9/2000,7.081967213,42.5,6.875,5,518.4,TRUE,,,665,0.3,,,,11,,,,FALSE,1123.179694,FALSE,FALSE,FALSE,FALSE
36,36,1,6,S,FALSE,TRUE,FALSE,TRUE,2,480.928,129,,,,11/9/2000,7.737704918,42.5,7.532894737,5,510.72,TRUE,,,683,0.6,,,,12.2,,,,FALSE,1095.318024,FALSE,FALSE,FALSE,FALSE
37,37,1,1,S,FALSE,TRUE,FALSE,TRUE,2,581.392,128,,,,11/9/2000,8.196721311,48.5,7.993421053,5,687.36,TRUE,,,868,0.6,,,,13,,,,FALSE,1295.205225,FALSE,FALSE,FALSE,FALSE
38,38,1,1,S,FALSE,TRUE,FALSE,TRUE,2,544,127,,,,11/9/2000,7.278688525,45.5,7.072368421,5,614.4,TRUE,,,796,0.45,,,,12,,,,FALSE,1223.849339,FALSE,FALSE,FALSE,FALSE
39,39,1,1,S,FALSE,TRUE,FALSE,TRUE,2,455.962,120,,,,11/9/2000,6.229508197,43.5,6.019736842,5,474.24,TRUE,,,805,0.4,,,,16.3,,,,FALSE,1197.415699,FALSE,FALSE,FALSE,FALSE
40,40,1,1,S,FALSE,TRUE,FALSE,TRUE,2,576.802,131,,,,11/9/2000,8.62295082,48.5,8.421052632,5,677.76,TRUE,,,786,0.5,,,,11.9,,,,FALSE,1278.421502,FALSE,FALSE,FALSE,FALSE
41,41,1,1,S,FALSE,TRUE,FALSE,TRUE,2,504.45,128,,,,11/9/2000,6.754098361,46.25,6.546052632,5,547.2,TRUE,,,726,0.3,,,,11.4,,,,FALSE,1273.82801,FALSE,FALSE,FALSE,FALSE
42,42,1,8,S,FALSE,TRUE,FALSE,TRUE,2,574,128,,,,11/9/2000,9.37704918,47.25,9.177631579,5,672,TRUE,,,779,0.75,,,,12.1,,,,FALSE,1204.237299,FALSE,FALSE,FALSE,FALSE
43,43,1,8,S,FALSE,TRUE,FALSE,TRUE,2,571.162,128,,,,11/9/2000,8.721311475,45.75,8.519736842,5,666.24,TRUE,,,778,0.55,,,,13.1,,,,FALSE,1174.267309,FALSE,FALSE,FALSE,FALSE
44,44,1,8,S,FALSE,TRUE,FALSE,TRUE,2,598.752,129,,,,11/9/2000,8.68852459,47,8.486842105,5,725.76,TRUE,,,731,0.45,,,,11.3,,,,FALSE,1221.149796,FALSE,FALSE,FALSE,FALSE
45,45,1,8,S,FALSE,TRUE,FALSE,TRUE,2,572.112,130,,,,11/9/2000,8.852459016,46,8.651315789,5,668.16,TRUE,,,737,0.35,,,,13.8,,,,FALSE,1178.332901,FALSE,FALSE,FALSE,FALSE
46,46,1,8,S,FALSE,TRUE,FALSE,TRUE,2,589.402,131,,,,11/9/2000,8.62295082,47.5,8.421052632,5,704.64,TRUE,,,748,0.6,,,,12.7,,,,FALSE,1241.93806,FALSE,FALSE,FALSE,FALSE
47,47,1,8,S,FALSE,TRUE,FALSE,TRUE,2,601.218,131,,,,11/9/2000,9.31147541,47.5,9.111842105,5,731.52,TRUE,,,755,0.5,,,,11.6,,,,FALSE,1215.796151,FALSE,FALSE,FALSE,FALSE
48,48,1,8,S,FALSE,TRUE,FALSE,TRUE,2,590.272,131,,,,11/9/2000,8.655737705,46.5,8.453947368,5,706.56,TRUE,,,690,0.4,,,,12.9,,,,FALSE,1204.178688,FALSE,FALSE,FALSE,FALSE
49,49,1,8,S,FALSE,TRUE,FALSE,TRUE,2,570.208,131,,,,11/9/2000,8.754098361,46.75,8.552631579,5,664.32,TRUE,,,696,0.5,,,,11.3,,,,FALSE,1209.491387,FALSE,FALSE,FALSE,FALSE
50,50,1,8,S,FALSE,TRUE,FALSE,TRUE,2,582.298,129,,,,11/9/2000,8.393442623,44.75,8.190789474,5,689.28,TRUE,,,663,0.35,,,,10.6,,,,FALSE,1150.650322,FALSE,FALSE,FALSE,FALSE
51,51,1,8,S,FALSE,TRUE,FALSE,TRUE,2,568.288,130,,,,11/9/2000,9.081967213,46.5,8.881578947,5,660.48,TRUE,,,775,0.5,,,,11.5,,,,FALSE,1187.852059,FALSE,FALSE,FALSE,FALSE
52,52,1,8,S,FALSE,TRUE,FALSE,TRUE,2,620.368,131,,,,11/9/2000,9.573770492,46,9.375,5,779.52,TRUE,,,833,0.75,,,,12.6,,,,FALSE,1151.337389,FALSE,FALSE,FALSE,FALSE
53,53,1,8,S,FALSE,TRUE,FALSE,TRUE,2,592,131,,,,11/9/2000,9.31147541,46,9.111842105,5,710.4,TRUE,,,690,0.45,,,,12.5,,,,FALSE,1160.993655,FALSE,FALSE,FALSE,FALSE
54,54,1,8,S,FALSE,TRUE,FALSE,TRUE,2,548.208,132,,,,11/9/2000,8.327868852,45.5,8.125,5,622.08,TRUE,,,669,0.5,,,,12.2,,,,FALSE,1180.605442,FALSE,FALSE,FALSE,FALSE
55,55,1,8,S,FALSE,TRUE,FALSE,TRUE,2,554.4,131,,,,11/9/2000,8.032786885,45,7.828947368,5,633.6,TRUE,,,677,0.5,,,,12.7,,,,FALSE,1174.251922,FALSE,FALSE,FALSE,FALSE
56,56,1,8,S,FALSE,TRUE,FALSE,TRUE,2,580.482,131,,,,11/9/2000,9.180327869,46.5,8.980263158,5,685.44,TRUE,,,737,0.45,,,,12.8,,,,FALSE,1184.153069,FALSE,FALSE,FALSE,FALSE
57,57,1,9,S,FALSE,TRUE,FALSE,TRUE,2,526.528,129,,,,11/9/2000,7.704918033,46.5,7.5,5,583.68,TRUE,,,855,0.4,,,,13,,,,FALSE,1242.342723,FALSE,FALSE,FALSE,FALSE
58,58,1,9,S,FALSE,TRUE,FALSE,TRUE,2,542.938,125,4.98,,,11/9/2000,7.508196721,45.5,7.302631579,5,612.48,TRUE,,,784,0.4,,,,17.2,,,,FALSE,1214.139292,FALSE,FALSE,FALSE,FALSE
59,59,1,9,S,FALSE,TRUE,FALSE,TRUE,2,519.712,117,13.33,,,11/9/2000,7.016393443,45.25,6.809210526,5,572.16,TRUE,,,775,0.25,,,,16.4,,,,FALSE,1226.027482,FALSE,FALSE,FALSE,FALSE
60,60,1,9,S,FALSE,TRUE,FALSE,TRUE,2,553.378,115,14.6,,,11/9/2000,7.278688525,45.5,7.072368421,5,631.68,TRUE,,,809,0.75,,,,14.8,,,,FALSE,1223.849339,FALSE,FALSE,FALSE,FALSE
61,61,1,9,S,FALSE,TRUE,FALSE,TRUE,2,534.298,120,,,,11/9/2000,7.114754098,45.5,6.907894737,5,597.12,TRUE,,,854,0.25,,,,17.2,,,,FALSE,1230.870953,FALSE,FALSE,FALSE,FALSE
62,62,1,9,S,FALSE,TRUE,FALSE,TRUE,2,556.432,119,,,,11/9/2000,6.721311475,46,6.513157895,5,637.44,TRUE,,,788,0.85,,,,11.5,,,,FALSE,1266.1853,FALSE,FALSE,FALSE,FALSE
63,63,1,9,S,FALSE,TRUE,FALSE,TRUE,2,477.082,120,90.92,,,11/9/2000,6.721311475,44,6.513157895,5,504.96,TRUE,,,639,0.4,,,,15,,,,FALSE,1193.503198,FALSE,FALSE,FALSE,FALSE
64,64,1,9,S,FALSE,TRUE,FALSE,TRUE,2,466.65,129,13.33,,,11/9/2000,5.114754098,44.75,4.901315789,5,489.6,TRUE,,,761,0.4,,,,14.2,,,,FALSE,1295.130736,FALSE,FALSE,FALSE,FALSE
65,65,1,9,S,FALSE,TRUE,FALSE,TRUE,2,540.802,129,,,,11/9/2000,7.639344262,45.5,7.434210526,5,608.64,TRUE,,,843,0.4,,,,18.4,,,,FALSE,1208.653663,FALSE,FALSE,FALSE,FALSE
66,126,1,7,S,FALSE,TRUE,FALSE,TRUE,2,594.562,126,,,,11/9/2000,7.573770492,47.5,7.368421053,5,716.16,TRUE,,,784,0.35,,,,15.7,,,,FALSE,1284.200516,FALSE,FALSE,FALSE,FALSE
67,127,1,7,S,FALSE,TRUE,FALSE,TRUE,2,546.112,130,14.6,,,11/9/2000,7.639344262,46.5,7.434210526,5,618.24,TRUE,,,835,0.45,,,,12.8,,,,FALSE,1245.063454,FALSE,FALSE,FALSE,FALSE
68,128,1,7,S,FALSE,TRUE,FALSE,TRUE,2,536.482,128,,,,11/9/2000,7.704918033,45.25,7.5,5,600.96,TRUE,,,745,0.35,,,,12.8,,,,FALSE,1196.824346,FALSE,FALSE,FALSE,FALSE
69,129,1,7,S,FALSE,TRUE,FALSE,TRUE,2,565.378,129,14.6,,,11/9/2000,7.967213115,46,7.763157895,5,654.72,TRUE,,,807,0.3,,,,12.4,,,,FALSE,1213.357116,FALSE,FALSE,FALSE,FALSE
70,130,1,7,S,FALSE,TRUE,FALSE,TRUE,2,445.018,129,,,,11/9/2000,6.295081967,45.5,6.085526316,5,458.88,TRUE,,,733,0.45,,,,12.4,,,,FALSE,1267.052359,FALSE,FALSE,FALSE,FALSE
71,131,1,7,S,FALSE,TRUE,FALSE,TRUE,2,493.488,130,,,,11/9/2000,6.62295082,46.5,6.414473684,5,529.92,TRUE,,,780,0.5,,,,13.2,,,,FALSE,1288.698816,FALSE,FALSE,FALSE,FALSE
72,132,1,7,S,FALSE,TRUE,FALSE,TRUE,2,530.992,129,,,,11/9/2000,7.442622951,49.25,7.236842105,5,591.36,TRUE,,,805,0.5,,,,14.1,,,,FALSE,1353.380761,FALSE,FALSE,FALSE,FALSE
73,133,1,7,S,FALSE,TRUE,FALSE,TRUE,2,562.432,132,,,,11/9/2000,7.409836066,47.25,7.203947368,5,648.96,TRUE,,,796,0.3,,,,12.5,,,,FALSE,1281.970629,FALSE,FALSE,FALSE,FALSE
74,134,1,7,S,FALSE,TRUE,FALSE,TRUE,2,583.2,128,15.87,,,11/9/2000,7.37704918,48.75,7.171052632,5,691.2,TRUE,,,859,0.35,,,,14.9,,,,FALSE,1337.938709,FALSE,FALSE,FALSE,FALSE
75,135,1,10,S,FALSE,TRUE,FALSE,TRUE,2,574,129,,,,11/9/2000,7.049180328,47.5,6.842105263,5,672,TRUE,,,782,0.45,,,,14.1,,,,FALSE,1306.430837,FALSE,FALSE,FALSE,FALSE
76,136,1,10,S,FALSE,TRUE,FALSE,TRUE,2,538.65,129,,,,11/9/2000,6.885245902,45.5,6.677631579,5,604.8,TRUE,,,774,0.5,,,,14.3,,,,FALSE,1240.821427,FALSE,FALSE,FALSE,FALSE
77,137,1,10,S,FALSE,TRUE,FALSE,TRUE,2,504.45,129,,,,11/9/2000,6.590163934,45.75,6.381578947,5,547.2,TRUE,,,658,0.35,,,,10.7,,,,FALSE,1262.903781,FALSE,FALSE,FALSE,FALSE
78,138,1,10,S,FALSE,TRUE,FALSE,TRUE,2,533.2,129,,,,11/9/2000,6.098360656,46.25,5.888157895,5,595.2,TRUE,,,842,0.65,,,,12.9,,,,FALSE,1303.222887,FALSE,FALSE,FALSE,FALSE
79,139,2,5,H,FALSE,TRUE,FALSE,TRUE,2,430.023,126,,,,11/9/2000,8.655737705,42,8.453947368,5,478.08,TRUE,,,636,0.45,,,,13,,,,FALSE,868.0228663,FALSE,FALSE,FALSE,FALSE
80,140,2,1,H,FALSE,TRUE,FALSE,TRUE,2,504.347,128,,,,11/9/2000,8.524590164,47.5,8.322368421,5,608.64,TRUE,,,730,0.4,,,,9.7,,,,FALSE,1030.224046,FALSE,FALSE,FALSE,FALSE
81,141,2,1,H,FALSE,TRUE,FALSE,TRUE,2,443.3,128,,,,11/9/2000,7.049180328,44,6.842105263,5,499.2,TRUE,,,714,0.3,,,,11.7,,,,FALSE,965.6150585,FALSE,FALSE,FALSE,FALSE
82,142,2,1,H,FALSE,TRUE,FALSE,TRUE,2,451.497,126,,,,11/9/2000,7.245901639,44,7.039473684,5,512.64,TRUE,,,682,0.35,,,,11.8,,,,FALSE,960.5309775,FALSE,FALSE,FALSE,FALSE
83,143,2,1,H,FALSE,TRUE,FALSE,TRUE,2,365,128,5.2,,,11/9/2000,5.704918033,43,5.493421053,5,384,TRUE,,,629,0.3,,,,11.9,,,,FALSE,973.4726422,FALSE,FALSE,FALSE,FALSE
84,144,2,1,H,FALSE,TRUE,FALSE,TRUE,2,434.907,126,,,,11/9/2000,7.344262295,43.5,7.138157895,5,485.76,TRUE,,,693,0.5,,,,12.8,,,,FALSE,943.6308503,FALSE,FALSE,FALSE,FALSE
85,145,2,5,H,FALSE,TRUE,FALSE,TRUE,2,517.353,129,,,,11/9/2000,7.93442623,46,7.730263158,5,635.52,TRUE,,,751,0.55,,,,13.4,,,,FALSE,1000.909769,FALSE,FALSE,FALSE,FALSE
86,146,2,5,H,FALSE,TRUE,FALSE,TRUE,2,432.473,127,,,,11/9/2000,8.655737705,46,8.453947368,5,481.92,TRUE,,,643,0.7,,,,13.8,,,,FALSE,983.7877742,FALSE,FALSE,FALSE,FALSE
87,147,2,5,H,FALSE,TRUE,FALSE,TRUE,2,434.907,54.20054201,15.78,,,11/9/2000,7.508196721,42.75,7.302631579,5,485.76,TRUE,,,369,0.1,,,,9,,,,FALSE,917.8673034,FALSE,FALSE,FALSE,FALSE
88,149,2,3,H,FALSE,TRUE,FALSE,TRUE,2,497.55,129,,,,11/9/2000,8.295081967,44.75,8,5,595.2,TRUE,,,720,0.45,,,,11.7,,,,FALSE,958.3312243,FALSE,FALSE,FALSE,FALSE
89,150,2,3,H,FALSE,TRUE,FALSE,TRUE,2,540.222,131,,,,11/9/2000,8.68852459,46,8.486842105,5,687.36,TRUE,,,803,0.7,,,,11.7,,,,FALSE,983.0292625,FALSE,FALSE,FALSE,FALSE
90,151,2,9,H,FALSE,TRUE,FALSE,TRUE,2,539.427,128,,,,11/9/2000,7.409836066,46,7.203947368,5,685.44,TRUE,,,759,0.4,,,,16.8,,,,FALSE,1013.884499,FALSE,FALSE,FALSE,FALSE
91,152,2,9,H,FALSE,TRUE,FALSE,TRUE,2,414.987,128,,,,11/9/2000,7.31147541,44.5,7.105263158,5,455.04,TRUE,,,643,0.45,,,,14.1,,,,FALSE,973.2290812,FALSE,FALSE,FALSE,FALSE
92,153,2,9,H,FALSE,TRUE,FALSE,TRUE,2,467.303,126,,,,11/9/2000,7.639344262,45.5,7.434210526,5,539.52,TRUE,,,707,0.45,,,,12.6,,,,FALSE,993.7525441,FALSE,FALSE,FALSE,FALSE
93,154,2,9,H,FALSE,TRUE,FALSE,TRUE,2,465.093,128,12.06,,,11/9/2000,6.557377049,44.75,6.348684211,5,535.68,TRUE,,,647,0.4,,,,14.1,,,,FALSE,1000.087427,FALSE,FALSE,FALSE,FALSE
94,155,2,9,H,FALSE,TRUE,FALSE,TRUE,2,524.433,120,,,,11/9/2000,7.278688525,46.5,7.072368421,5,650.88,TRUE,,,801,0.3,,,,17.4,,,,FALSE,1031.573733,FALSE,FALSE,FALSE,FALSE
95,156,2,9,H,FALSE,TRUE,FALSE,TRUE,2,454.95,128,,,,11/9/2000,7.245901639,45.25,7.039473684,5,518.4,TRUE,,,629,0.45,,,,12.6,,,,FALSE,996.4674383,FALSE,FALSE,FALSE,FALSE
96,173,2,7,H,FALSE,TRUE,FALSE,TRUE,2,477.05,126,,,,11/9/2000,7.672131148,47,7.467105263,5,556.8,TRUE,,,667,0.6,,,,12.6,,,,FALSE,1036.14938,FALSE,FALSE,FALSE,FALSE
97,174,2,7,H,FALSE,TRUE,FALSE,TRUE,2,477.05,128,14.6,,,11/9/2000,7.672131148,46,7.467105263,5,556.8,TRUE,,,648,0.35,,,,11.2,,,,FALSE,1007.342147,FALSE,FALSE,FALSE,FALSE
98,175,2,7,H,FALSE,TRUE,FALSE,TRUE,2,513.717,131,14.6,,,11/9/2000,7.704918033,47,7.5,5,627.84,TRUE,,,733,0.4,,,,14.5,,,,FALSE,1035.343785,FALSE,FALSE,FALSE,FALSE
99,176,2,7,H,FALSE,TRUE,FALSE,TRUE,2,451.497,127,,,,11/9/2000,7.278688525,46,7.072368421,5,512.64,TRUE,,,707,0.5,,,,14,,,,FALSE,1017.196915,FALSE,FALSE,FALSE,FALSE
100,177,2,7,H,FALSE,TRUE,FALSE,TRUE,2,428.792,127,,,,11/9/2000,6.163934426,44.5,5.953947368,5,476.16,TRUE,,,649,0.5,,,,12.2,,,,FALSE,1003.559825,FALSE,FALSE,FALSE,FALSE
101,178,2,7,H,FALSE,TRUE,FALSE,TRUE,2,497.55,125,,,,11/9/2000,8.196721311,45,7.993421053,5,595.2,TRUE,,,666,0.6,,,,14,,,,FALSE,965.7086661,FALSE,FALSE,FALSE,FALSE
102,179,2,7,H,FALSE,TRUE,FALSE,TRUE,2,504.347,129,,,,11/9/2000,4.885245902,45.75,4.671052632,5,608.64,TRUE,,,687,0.5,,,,13.4,,,,FALSE,1075.370964,FALSE,FALSE,FALSE,FALSE
103,180,2,12,H,FALSE,TRUE,FALSE,TRUE,2,451.497,127,13.33,,,11/9/2000,6.295081967,43,6.085526316,5,512.64,TRUE,,,630,0.6,,,,12.2,,,,FALSE,957.0574568,FALSE,FALSE,FALSE,FALSE
104,181,2,12,H,FALSE,TRUE,FALSE,TRUE,2,432.473,128,13.33,,,11/9/2000,6.459016393,44,6.25,5,481.92,TRUE,,,643,0.5,,,,11.8,,,,FALSE,981.2384602,FALSE,FALSE,FALSE,FALSE
105,182,2,12,H,FALSE,TRUE,FALSE,TRUE,2,516.45,130,3.08,,,11/9/2000,6.983606557,47.5,6.776315789,5,633.6,TRUE,,,746,0.55,,,,13.4,,,,FALSE,1067.820528,FALSE,FALSE,FALSE,FALSE
106,183,2,12,H,FALSE,TRUE,FALSE,TRUE,2,430.023,116,,,,11/9/2000,6.491803279,43.5,6.282894737,5,478.08,TRUE,,,575,0.5,,,,10.8,,,,FALSE,966.0326678,FALSE,FALSE,FALSE,FALSE
107,184,2,8,H,FALSE,TRUE,FALSE,TRUE,2,440.922,129,,,,11/9/2000,8,44.5,7.796052632,5,495.36,TRUE,,,626,0.6,,,,12.2,,,,FALSE,956.0410107,FALSE,FALSE,FALSE,FALSE
108,185,2,8,H,FALSE,TRUE,FALSE,TRUE,2,502.425,131,,,,11/9/2000,8.459016393,44.75,8.256578947,5,604.8,TRUE,,,613,0.4,,,,9.6,,,,FALSE,952.2318942,FALSE,FALSE,FALSE,FALSE
109,186,2,8,H,FALSE,TRUE,FALSE,TRUE,2,462.867,127,,,,11/9/2000,7.344262295,43.5,7.138157895,5,531.84,TRUE,,,695,0.55,,,,12.7,,,,FALSE,943.6308503,FALSE,FALSE,FALSE,FALSE
110,187,2,8,H,FALSE,TRUE,FALSE,TRUE,2,427.557,127,,,,11/9/2000,7.770491803,43.25,7.565789474,5,474.24,TRUE,,,667,0.25,,,,12.9,,,,FALSE,925.6603793,FALSE,FALSE,FALSE,FALSE
111,188,2,8,H,FALSE,TRUE,FALSE,TRUE,2,488.523,131,,,,11/9/2000,7.573770492,44.25,7.368421053,5,577.92,TRUE,,,704,0.45,,,,13.2,,,,FALSE,959.3934335,FALSE,FALSE,FALSE,FALSE
112,189,2,8,H,FALSE,TRUE,FALSE,TRUE,2,497.55,127,,,,11/9/2000,8.163934426,44.75,7.960526316,5,595.2,TRUE,,,654,0.45,,,,11.3,,,,FALSE,959.2788617,FALSE,FALSE,FALSE,FALSE
113,190,2,8,H,FALSE,TRUE,FALSE,TRUE,2,478.113,130,,,,11/9/2000,7.639344262,44.5,7.434210526,5,558.72,TRUE,,,629,0.55,,,,13.2,,,,FALSE,964.9497778,FALSE,FALSE,FALSE,FALSE
114,191,2,8,H,FALSE,TRUE,FALSE,TRUE,2,411.138,127,,,,11/9/2000,7.672131148,44.75,7.467105263,5,449.28,TRUE,,,659,0.45,,,,11.7,,,,FALSE,971.3331064,FALSE,FALSE,FALSE,FALSE
115,192,2,3,H,FALSE,TRUE,FALSE,TRUE,2,513.717,127,,,,11/9/2000,8.032786885,45,7.828947368,5,627.84,TRUE,,,748,0.45,,,,13.2,,,,FALSE,969.6696148,FALSE,FALSE,FALSE,FALSE
116,193,2,3,H,FALSE,TRUE,FALSE,TRUE,2,513.717,0,,,,11/9/2000,8.524590164,44.5,8.322368421,5,627.84,TRUE,,,554,0.2,,,,10,,,,FALSE,943.4539627,FALSE,FALSE,FALSE,FALSE
117,194,2,3,H,FALSE,TRUE,FALSE,TRUE,2,537.018,127,,,,11/9/2000,7.967213115,45.5,7.763157895,5,679.68,TRUE,,,753,0.4,,,,13.2,,,,FALSE,985.6897381,FALSE,FALSE,FALSE,FALSE
118,195,2,3,H,FALSE,TRUE,FALSE,TRUE,2,497.55,117,,,,11/9/2000,8.360655738,45.5,8.157894737,5,595.2,TRUE,,,599,0.4,,,,10.8,,,,FALSE,976.24119,FALSE,FALSE,FALSE,FALSE
119,196,2,3,H,FALSE,TRUE,FALSE,TRUE,2,555.282,129,,,,11/9/2000,8,47,7.796052632,5,725.76,TRUE,,,774,0.65,,,,13.3,,,,FALSE,1028.170755,FALSE,FALSE,FALSE,FALSE
120,197,2,3,H,FALSE,TRUE,FALSE,TRUE,2,515.543,131,,,,11/9/2000,8.06557377,46.25,7.861842105,5,631.68,TRUE,,,639,0.25,,,,10.5,,,,FALSE,1004.950027,FALSE,FALSE,FALSE,FALSE
121,198,2,3,H,FALSE,TRUE,FALSE,TRUE,2,523.562,130,,,,11/9/2000,8.786885246,45,8.585526316,5,648.96,TRUE,,,679,0.3,,,,14.4,,,,FALSE,951.8049444,FALSE,FALSE,FALSE,FALSE
122,199,2,3,H,FALSE,TRUE,FALSE,TRUE,2,481.278,129,,,,11/9/2000,8.62295082,44.5,8.421052632,5,564.48,TRUE,,,651,0.6,,,,13.9,,,,FALSE,941.1428635,FALSE,FALSE,FALSE,FALSE
123,200,2,3,H,FALSE,TRUE,FALSE,TRUE,2,529.575,131,,,,11/9/2000,8.557377049,46,8.355263158,5,662.4,TRUE,,,714,0.25,,,,12.1,,,,FALSE,986.0736193,FALSE,FALSE,FALSE,FALSE
